# Document_ID	Case_ID	ISSN	Date	Source	Full_Text_Link
S1139-76322015000500009-1.txt	1.txt	1139-7632	2015-12-01	Pediatría Atención Primaria  v.17 n.68 2015	http://scielo.isciii.es/scielo.php?script=sci_arttext&pid=S1139-76322015000500009
S1130-05582008000400007-2.txt	2.txt	1130-0558	2008-08-01	Revista Española de Cirugía Oral y Maxilofacial  v.30 n.4 2008	http://scielo.isciii.es/scielo.php?script=sci_arttext&pid=S1130-05582008000400007
S0210-48062006000100012-1.txt	1.txt	0210-4806	2006-01-01	Actas Urológicas Españolas  v.30 n.1 2006	http://scielo.isciii.es/scielo.php?script=sci_arttext&pid=S0210-48062006000100012
S0213-12852003000500002-1.txt	1.txt	0213-1285	2003-10-01	Avances en Odontoestomatología  v.19 n.5 2003	http://scielo.isciii.es/scielo.php?script=sci_arttext&pid=S0213-12852003000500002
S0212-71992005000400007-1.txt	1.txt	0212-7199	2005-04-01	Anales de Medicina Interna  v.22 n.4 2005	http://scielo.isciii.es/scielo.php?script=sci_arttext&pid=S0212-71992005000400007
S0210-56912011000700007-1.txt	1.txt	0210-5691	2011-10-01	Medicina Intensiva  v.35 n.7 2011	http://scielo.isciii.es/scielo.php?script=sci_arttext&pid=S0210-56912011000700007
S0210-48062009000300017-1.txt	1.txt	0210-4806	2009-03-01	Actas Urológicas Españolas  v.33 n.3 2009	http://scielo.isciii.es/scielo.php?script=sci_arttext&pid=S0210-48062009000300017
S1134-80462009000500006-1.txt	1.txt	1134-8046	2009-07-01	Revista de la Sociedad Española del Dolor  v.16 n.5 2009	http://scielo.isciii.es/scielo.php?script=sci_arttext&pid=S1134-80462009000500006
S1137-66272011000100013-3.txt	3.txt	1137-6627	2011-04-01	Anales del Sistema Sanitario de Navarra  v.34 n.1 2011	http://scielo.isciii.es/scielo.php?script=sci_arttext&pid=S1137-66272011000100013
S1137-66272012000300024-1.txt	1.txt	1137-6627	2012-12-01	Anales del Sistema Sanitario de Navarra  v.35 n.3 2012	http://scielo.isciii.es/scielo.php?script=sci_arttext&pid=S1137-66272012000300024
S1130-01082008000900014-1.txt	1.txt	1130-0108	2008-09-01	Revista Española de Enfermedades Digestivas  v.100 n.9 2008	http://scielo.isciii.es/scielo.php?script=sci_arttext&pid=S1130-01082008000900014
S0212-71992007000400005-1.txt	1.txt	0212-7199	2007-04-01	Anales de Medicina Interna  v.24 n.4 2007	http://scielo.isciii.es/scielo.php?script=sci_arttext&pid=S0212-71992007000400005
S1131-57682001000100007-2.txt	2.txt	1131-5768	2001-01-01	Medifam  v.11 n.1 2001	http://scielo.isciii.es/scielo.php?script=sci_arttext&pid=S1131-57682001000100007
S0004-06142009000100012-1.txt	1.txt	0004-0614	2009-02-01	Archivos Españoles de Urología (Ed. impresa)  v.62 n.1 2009	http://scielo.isciii.es/scielo.php?script=sci_arttext&pid=S0004-06142009000100012
S0210-48062007001000016-1.txt	1.txt	0210-4806	2007-12-01	Actas Urológicas Españolas  v.31 n.10 2007	http://scielo.isciii.es/scielo.php?script=sci_arttext&pid=S0210-48062007001000016
S1130-01082007000400016-1.txt	1.txt	1130-0108	2007-04-01	Revista Española de Enfermedades Digestivas  v.99 n.4 2007	http://scielo.isciii.es/scielo.php?script=sci_arttext&pid=S1130-01082007000400016
S0378-48352004000300007-1.txt	1.txt	0378-4835	2004-03-01	Oncología (Barcelona)  v.27 n.3 2004	http://scielo.isciii.es/scielo.php?script=sci_arttext&pid=S0378-48352004000300007
S1139-76322016000400012-1.txt	1.txt	1139-7632	2016-12-01	Pediatría Atención Primaria  v.18 n.72 2016	http://scielo.isciii.es/scielo.php?script=sci_arttext&pid=S1139-76322016000400012
S0210-48062003000900013-1.txt	1.txt	0210-4806	2003-10-01	Actas Urológicas Españolas  v.27 n.9 2003	http://scielo.isciii.es/scielo.php?script=sci_arttext&pid=S0210-48062003000900013
S0004-06142006000700014-1.txt	1.txt	0004-0614	2006-09-01	Archivos Españoles de Urología (Ed. impresa)  v.59 n.7 2006	http://scielo.isciii.es/scielo.php?script=sci_arttext&pid=S0004-06142006000700014
S1130-01082008000800010-1.txt	1.txt	1130-0108	2008-08-01	Revista Española de Enfermedades Digestivas  v.100 n.8 2008	http://scielo.isciii.es/scielo.php?script=sci_arttext&pid=S1130-01082008000800010
S0376-78922009000100011-1.txt	1.txt	0376-7892	2009-03-01	Cirugía Plástica Ibero-Latinoamericana  v.35 n.1 2009	http://scielo.isciii.es/scielo.php?script=sci_arttext&pid=S0376-78922009000100011
S0004-06142009000300014-1.txt	1.txt	0004-0614	2009-04-01	Archivos Españoles de Urología (Ed. impresa)  v.62 n.3 2009	http://scielo.isciii.es/scielo.php?script=sci_arttext&pid=S0004-06142009000300014
S1139-76322017000200007-1.txt	1.txt	1139-7632	2017-06-01	Pediatría Atención Primaria  v.19 n.74 2017	http://scielo.isciii.es/scielo.php?script=sci_arttext&pid=S1139-76322017000200007
S0210-48062009000200019-1.txt	1.txt	0210-4806	2009-02-01	Actas Urológicas Españolas  v.33 n.2 2009	http://scielo.isciii.es/scielo.php?script=sci_arttext&pid=S0210-48062009000200019
S0210-56912008000400007-4.txt	4.txt	0210-5691	2008-05-01	Medicina Intensiva  v.32 n.4 2008	http://scielo.isciii.es/scielo.php?script=sci_arttext&pid=S0210-56912008000400007
S0004-06142007000600012-1.txt	1.txt	0004-0614	2007-08-01	Archivos Españoles de Urología (Ed. impresa)  v.60 n.6 2007	http://scielo.isciii.es/scielo.php?script=sci_arttext&pid=S0004-06142007000600012
S0376-78922009000200008-1.txt	1.txt	0376-7892	2009-06-01	Cirugía Plástica Ibero-Latinoamericana  v.35 n.2 2009	http://scielo.isciii.es/scielo.php?script=sci_arttext&pid=S0376-78922009000200008
S0376-78922014000300013-1.txt	1.txt	0376-7892	2014-09-01	Cirugía Plástica Ibero-Latinoamericana  v.40 n.3 2014	http://scielo.isciii.es/scielo.php?script=sci_arttext&pid=S0376-78922014000300013
S1130-01082008000800009-1.txt	1.txt	1130-0108	2008-08-01	Revista Española de Enfermedades Digestivas  v.100 n.8 2008	http://scielo.isciii.es/scielo.php?script=sci_arttext&pid=S1130-01082008000800009
S1137-66272015000300014-1.txt	1.txt	1137-6627	2015-12-01	Anales del Sistema Sanitario de Navarra  v.38 n.3 2015	http://scielo.isciii.es/scielo.php?script=sci_arttext&pid=S1137-66272015000300014
S0210-48062005000700015-1.txt	1.txt	0210-4806	2005-08-01	Actas Urológicas Españolas  v.29 n.7 2005	http://scielo.isciii.es/scielo.php?script=sci_arttext&pid=S0210-48062005000700015
S1137-66272012000100017-1.txt	1.txt	1137-6627	2012-04-01	Anales del Sistema Sanitario de Navarra  v.35 n.1 2012	http://scielo.isciii.es/scielo.php?script=sci_arttext&pid=S1137-66272012000100017
S0211-69952015000200015-1.txt	1.txt	0211-6995	2015-01-01	Nefrología (Madrid)  v.35 n.2 2015	http://scielo.isciii.es/scielo.php?script=sci_arttext&pid=S0211-69952015000200015
S1130-05582003000600004-3.txt	3.txt	1130-0558	2003-12-01	Revista Española de Cirugía Oral y Maxilofacial  v.25 n.6 2003	http://scielo.isciii.es/scielo.php?script=sci_arttext&pid=S1130-05582003000600004
S0210-48062007001000004-3.txt	3.txt	0210-4806	2007-12-01	Actas Urológicas Españolas  v.31 n.10 2007	http://scielo.isciii.es/scielo.php?script=sci_arttext&pid=S0210-48062007001000004
S0211-69952014000400019-1.txt	1.txt	0211-6995	2014-01-01	Nefrología (Madrid)  v.34 n.4 2014	http://scielo.isciii.es/scielo.php?script=sci_arttext&pid=S0211-69952014000400019
S0004-06142006000600014-1.txt	1.txt	0004-0614	2006-08-01	Archivos Españoles de Urología (Ed. impresa)  v.59 n.6 2006	http://scielo.isciii.es/scielo.php?script=sci_arttext&pid=S0004-06142006000600014
S0212-16112014000200032-3.txt	3.txt	0212-1611	2014-02-01	Nutrición Hospitalaria  v.29 n.2 2014	http://scielo.isciii.es/scielo.php?script=sci_arttext&pid=S0212-16112014000200032
S0004-06142007000500011-1.txt	1.txt	0004-0614	2007-06-01	Archivos Españoles de Urología (Ed. impresa)  v.60 n.5 2007	http://scielo.isciii.es/scielo.php?script=sci_arttext&pid=S0004-06142007000500011
S0212-16112007000600015-1.txt	1.txt	0212-1611	2007-08-01	Nutrición Hospitalaria  v.22 n.4 2007	http://scielo.isciii.es/scielo.php?script=sci_arttext&pid=S0212-16112007000600015
S1137-66272007000300014-1.txt	1.txt	1137-6627	2007-08-01	Anales del Sistema Sanitario de Navarra  v.30 n.2 2007	http://scielo.isciii.es/scielo.php?script=sci_arttext&pid=S1137-66272007000300014
S1139-76322016000300007-1.txt	1.txt	1139-7632	2016-09-01	Pediatría Atención Primaria  v.18 n.71 2016	http://scielo.isciii.es/scielo.php?script=sci_arttext&pid=S1139-76322016000300007
S0004-06142008000700015-2.txt	2.txt	0004-0614	2008-09-01	Archivos Españoles de Urología (Ed. impresa)  v.61 n.7 2008	http://scielo.isciii.es/scielo.php?script=sci_arttext&pid=S0004-06142008000700015
S1139-13752009000200010-2.txt	2.txt	1139-1375	2009-06-01	Revista de la Sociedad Española de Enfermería Nefrológica  v.12 n.2 2009	http://scielo.isciii.es/scielo.php?script=sci_arttext&pid=S1139-13752009000200010
S0212-71992007000100006-1.txt	1.txt	0212-7199	2007-01-01	Anales de Medicina Interna  v.24 n.1 2007	http://scielo.isciii.es/scielo.php?script=sci_arttext&pid=S0212-71992007000100006
S1698-69462006000100006-1.txt	1.txt	1698-6946	2006-02-01	Medicina Oral, Patología Oral y Cirugía Bucal (Internet)  v.11 n.1 2006	http://scielo.isciii.es/scielo.php?script=sci_arttext&pid=S1698-69462006000100006
S1134-80462009000100005-16.txt	16.txt	1134-8046	2009-02-01	Revista de la Sociedad Española del Dolor  v.16 n.1 2009	http://scielo.isciii.es/scielo.php?script=sci_arttext&pid=S1134-80462009000100005
S1130-63432014000200011-1.txt	1.txt	1130-6343	2014-04-01	Farmacia Hospitalaria  v.38 n.2 2014	http://scielo.isciii.es/scielo.php?script=sci_arttext&pid=S1130-63432014000200011
S0365-66912011001000003-1.txt	1.txt	0365-6691	2011-10-01	Archivos de la Sociedad Española de Oftalmología  v.86 n.10 2011	http://scielo.isciii.es/scielo.php?script=sci_arttext&pid=S0365-66912011001000003
S1139-76322015000300015-1.txt	1.txt	1139-7632	2015-06-01	Pediatría Atención Primaria  v.17 n.66 2015	http://scielo.isciii.es/scielo.php?script=sci_arttext&pid=S1139-76322015000300015
S1130-63432013000600017-1.txt	1.txt	1130-6343	2013-12-01	Farmacia Hospitalaria  v.37 n.6 2013	http://scielo.isciii.es/scielo.php?script=sci_arttext&pid=S1130-63432013000600017
S0211-69952009000500014-1.txt	1.txt	0211-6995	2009-01-01	Nefrología (Madrid)  v.29 n.5 2009	http://scielo.isciii.es/scielo.php?script=sci_arttext&pid=S0211-69952009000500014
S0210-56912007000900007-1.txt	1.txt	0210-5691	2007-12-01	Medicina Intensiva  v.31 n.9 2007	http://scielo.isciii.es/scielo.php?script=sci_arttext&pid=S0210-56912007000900007
S0004-06142005001000011-1.txt	1.txt	0004-0614	2005-12-01	Archivos Españoles de Urología (Ed. impresa)  v.58 n.10 2005	http://scielo.isciii.es/scielo.php?script=sci_arttext&pid=S0004-06142005001000011
S1134-80462014000300004-4.txt	4.txt	1134-8046	2014-06-01	Revista de la Sociedad Española del Dolor  v.21 n.3 2014	http://scielo.isciii.es/scielo.php?script=sci_arttext&pid=S1134-80462014000300004
S1130-63432013000300013-1.txt	1.txt	1130-6343	2013-06-01	Farmacia Hospitalaria  v.37 n.3 2013	http://scielo.isciii.es/scielo.php?script=sci_arttext&pid=S1130-63432013000300013
S1130-01082008001000008-1.txt	1.txt	1130-0108	2008-10-01	Revista Española de Enfermedades Digestivas  v.100 n.10 2008	http://scielo.isciii.es/scielo.php?script=sci_arttext&pid=S1130-01082008001000008
S1130-01082009000400014-1.txt	1.txt	1130-0108	2009-04-01	Revista Española de Enfermedades Digestivas  v.101 n.4 2009	http://scielo.isciii.es/scielo.php?script=sci_arttext&pid=S1130-01082009000400014
S1139-76322015000100012-4.txt	4.txt	1139-7632	2015-03-01	Pediatría Atención Primaria  v.17 n.65 2015	http://scielo.isciii.es/scielo.php?script=sci_arttext&pid=S1139-76322015000100012
S1130-01082009000400009-1.txt	1.txt	1130-0108	2009-04-01	Revista Española de Enfermedades Digestivas  v.101 n.4 2009	http://scielo.isciii.es/scielo.php?script=sci_arttext&pid=S1130-01082009000400009
S1130-01082008000400017-1.txt	1.txt	1130-0108	2008-04-01	Revista Española de Enfermedades Digestivas  v.100 n.4 2008	http://scielo.isciii.es/scielo.php?script=sci_arttext&pid=S1130-01082008000400017
S0376-78922007000400008-1.txt	1.txt	0376-7892	2007-12-01	Cirugía Plástica Ibero-Latinoamericana  v.33 n.4 2007	http://scielo.isciii.es/scielo.php?script=sci_arttext&pid=S0376-78922007000400008
S0210-48062010000100019-3.txt	3.txt	0210-4806	2010-01-01	Actas Urológicas Españolas  v.34 n.1 2010	http://scielo.isciii.es/scielo.php?script=sci_arttext&pid=S0210-48062010000100019
S0210-48062006000700010-1.txt	1.txt	0210-4806	2006-08-01	Actas Urológicas Españolas  v.30 n.7 2006	http://scielo.isciii.es/scielo.php?script=sci_arttext&pid=S0210-48062006000700010
S1137-66272012000300023-1.txt	1.txt	1137-6627	2012-12-01	Anales del Sistema Sanitario de Navarra  v.35 n.3 2012	http://scielo.isciii.es/scielo.php?script=sci_arttext&pid=S1137-66272012000300023
S1130-01082004001200010-1.txt	1.txt	1130-0108	2004-12-01	Revista Española de Enfermedades Digestivas  v.96 n.12 2004	http://scielo.isciii.es/scielo.php?script=sci_arttext&pid=S1130-01082004001200010
S1130-01082009000300015-1.txt	1.txt	1130-0108	2009-03-01	Revista Española de Enfermedades Digestivas  v.101 n.3 2009	http://scielo.isciii.es/scielo.php?script=sci_arttext&pid=S1130-01082009000300015
S0465-546X2009000300008-1.txt	1.txt	0465-546X	2009-09-01	Medicina y Seguridad del Trabajo  v.55 n.216 2009	http://scielo.isciii.es/scielo.php?script=sci_arttext&pid=S0465-546X2009000300008
S0210-56912012000900010-1.txt	1.txt	0210-5691	2012-12-01	Medicina Intensiva  v.36 n.9 2012	http://scielo.isciii.es/scielo.php?script=sci_arttext&pid=S0210-56912012000900010
S1698-44472004000200009-1.txt	1.txt	1698-4447	2004-04-01	Medicina Oral, Patología Oral y Cirugía Bucal (Ed. impresa)  v.9 n.2 2004	http://scielo.isciii.es/scielo.php?script=sci_arttext&pid=S1698-44472004000200009
S0212-71992006000800007-1.txt	1.txt	0212-7199	2006-08-01	Anales de Medicina Interna  v.23 n.8 2006	http://scielo.isciii.es/scielo.php?script=sci_arttext&pid=S0212-71992006000800007
S0212-71992006000600008-1.txt	1.txt	0212-7199	2006-06-01	Anales de Medicina Interna  v.23 n.6 2006	http://scielo.isciii.es/scielo.php?script=sci_arttext&pid=S0212-71992006000600008
S0365-66912012000300005-1.txt	1.txt	0365-6691	2012-03-01	Archivos de la Sociedad Española de Oftalmología  v.87 n.3 2012	http://scielo.isciii.es/scielo.php?script=sci_arttext&pid=S0365-66912012000300005
S0004-06142010000100015-1.txt	1.txt	0004-0614	2010-02-01	Archivos Españoles de Urología (Ed. impresa)  v.63 n.1 2010	http://scielo.isciii.es/scielo.php?script=sci_arttext&pid=S0004-06142010000100015
S0004-06142008000400011-2.txt	2.txt	0004-0614	2008-05-01	Archivos Españoles de Urología (Ed. impresa)  v.61 n.4 2008	http://scielo.isciii.es/scielo.php?script=sci_arttext&pid=S0004-06142008000400011
S0004-06142005001000011-3.txt	3.txt	0004-0614	2005-12-01	Archivos Españoles de Urología (Ed. impresa)  v.58 n.10 2005	http://scielo.isciii.es/scielo.php?script=sci_arttext&pid=S0004-06142005001000011
S1135-76062009000400004-1.txt	1.txt	1135-7606	2009-10-01	Cuadernos de Medicina Forense  n.58 2009	http://scielo.isciii.es/scielo.php?script=sci_arttext&pid=S1135-76062009000400004
S1137-66272015000200019-2.txt	2.txt	1137-6627	2015-08-01	Anales del Sistema Sanitario de Navarra  v.38 n.2 2015	http://scielo.isciii.es/scielo.php?script=sci_arttext&pid=S1137-66272015000200019
S0004-06142008000500015-1.txt	1.txt	0004-0614	2008-06-01	Archivos Españoles de Urología (Ed. impresa)  v.61 n.5 2008	http://scielo.isciii.es/scielo.php?script=sci_arttext&pid=S0004-06142008000500015
S1130-63432014000300013-4.txt	4.txt	1130-6343	2014-06-01	Farmacia Hospitalaria  v.38 n.3 2014	http://scielo.isciii.es/scielo.php?script=sci_arttext&pid=S1130-63432014000300013
S0004-06142006000200014-1.txt	1.txt	0004-0614	2006-03-01	Archivos Españoles de Urología (Ed. impresa)  v.59 n.2 2006	http://scielo.isciii.es/scielo.php?script=sci_arttext&pid=S0004-06142006000200014
S2340-98942015000100005-1.txt	1.txt	2340-9894	2015-01-01	Ars Pharmaceutica (Internet)  v.56 n.1 2015	http://scielo.isciii.es/scielo.php?script=sci_arttext&pid=S2340-98942015000100005
S0004-06142006000700013-1.txt	1.txt	0004-0614	2006-09-01	Archivos Españoles de Urología (Ed. impresa)  v.59 n.7 2006	http://scielo.isciii.es/scielo.php?script=sci_arttext&pid=S0004-06142006000700013
S1134-80462015000100006-1.txt	1.txt	1134-8046	2015-02-01	Revista de la Sociedad Española del Dolor  v.22 n.1 2015	http://scielo.isciii.es/scielo.php?script=sci_arttext&pid=S1134-80462015000100006
S1130-63432014000400015-1.txt	1.txt	1130-6343	2014-08-01	Farmacia Hospitalaria  v.38 n.4 2014	http://scielo.isciii.es/scielo.php?script=sci_arttext&pid=S1130-63432014000400015
S0213-12852016000400002-1.txt	1.txt	0213-1285	2016-08-01	Avances en Odontoestomatología  v.32 n.4 2016	http://scielo.isciii.es/scielo.php?script=sci_arttext&pid=S0213-12852016000400002
S1134-80462008000200008-1.txt	1.txt	1134-8046	2008-03-01	Revista de la Sociedad Española del Dolor  v.15 n.2 2008	http://scielo.isciii.es/scielo.php?script=sci_arttext&pid=S1134-80462008000200008
S0004-06142008000700011-1.txt	1.txt	0004-0614	2008-09-01	Archivos Españoles de Urología (Ed. impresa)  v.61 n.7 2008	http://scielo.isciii.es/scielo.php?script=sci_arttext&pid=S0004-06142008000700011
S0004-06142005001000016-1.txt	1.txt	0004-0614	2005-12-01	Archivos Españoles de Urología (Ed. impresa)  v.58 n.10 2005	http://scielo.isciii.es/scielo.php?script=sci_arttext&pid=S0004-06142005001000016
S0376-78922009000400010-1.txt	1.txt	0376-7892	2009-12-01	Cirugía Plástica Ibero-Latinoamericana  v.35 n.4 2009	http://scielo.isciii.es/scielo.php?script=sci_arttext&pid=S0376-78922009000400010
S0004-06142008000600013-1.txt	1.txt	0004-0614	2008-08-01	Archivos Españoles de Urología (Ed. impresa)  v.61 n.6 2008	http://scielo.isciii.es/scielo.php?script=sci_arttext&pid=S0004-06142008000600013
S0365-66912005001100009-1.txt	1.txt	0365-6691	2005-11-01	Archivos de la Sociedad Española de Oftalmología  v.80 n.11 2005	http://scielo.isciii.es/scielo.php?script=sci_arttext&pid=S0365-66912005001100009
S0212-71992006000800008-1.txt	1.txt	0212-7199	2006-08-01	Anales de Medicina Interna  v.23 n.8 2006	http://scielo.isciii.es/scielo.php?script=sci_arttext&pid=S0212-71992006000800008
S0210-48062006000900012-1.txt	1.txt	0210-4806	2006-10-01	Actas Urológicas Españolas  v.30 n.9 2006	http://scielo.isciii.es/scielo.php?script=sci_arttext&pid=S0210-48062006000900012
S1137-66272016000300012-1.txt	1.txt	1137-6627	2016-12-01	Anales del Sistema Sanitario de Navarra  v.39 n.3 2016	http://scielo.isciii.es/scielo.php?script=sci_arttext&pid=S1137-66272016000300012
S0004-06142006000300015-1.txt	1.txt	0004-0614	2006-04-01	Archivos Españoles de Urología (Ed. impresa)  v.59 n.3 2006	http://scielo.isciii.es/scielo.php?script=sci_arttext&pid=S0004-06142006000300015
S0210-48062010000100019-4.txt	4.txt	0210-4806	2010-01-01	Actas Urológicas Españolas  v.34 n.1 2010	http://scielo.isciii.es/scielo.php?script=sci_arttext&pid=S0210-48062010000100019
S1139-76322013000400008-1.txt	1.txt	1139-7632	2013-09-01	Pediatría Atención Primaria  v.15 n.59 2013	http://scielo.isciii.es/scielo.php?script=sci_arttext&pid=S1139-76322013000400008
S0210-48062007000300014-1.txt	1.txt	0210-4806	2007-03-01	Actas Urológicas Españolas  v.31 n.3 2007	http://scielo.isciii.es/scielo.php?script=sci_arttext&pid=S0210-48062007000300014
S1130-01082007001000017-1.txt	1.txt	1130-0108	2007-10-01	Revista Española de Enfermedades Digestivas  v.99 n.10 2007	http://scielo.isciii.es/scielo.php?script=sci_arttext&pid=S1130-01082007001000017
S1130-01082007000400015-1.txt	1.txt	1130-0108	2007-04-01	Revista Española de Enfermedades Digestivas  v.99 n.4 2007	http://scielo.isciii.es/scielo.php?script=sci_arttext&pid=S1130-01082007000400015
S0212-71992006000100008-1.txt	1.txt	0212-7199	2006-01-01	Anales de Medicina Interna  v.23 n.1 2006	http://scielo.isciii.es/scielo.php?script=sci_arttext&pid=S0212-71992006000100008
S0365-66912011000400005-2.txt	2.txt	0365-6691	2011-04-01	Archivos de la Sociedad Española de Oftalmología  v.86 n.4 2011	http://scielo.isciii.es/scielo.php?script=sci_arttext&pid=S0365-66912011000400005
S1134-80462004000600007-1.txt	1.txt	1134-8046	2004-09-01	Revista de la Sociedad Española del Dolor  v.11 n.6 2004	http://scielo.isciii.es/scielo.php?script=sci_arttext&pid=S1134-80462004000600007
S0004-06142006000600015-1.txt	1.txt	0004-0614	2006-08-01	Archivos Españoles de Urología (Ed. impresa)  v.59 n.6 2006	http://scielo.isciii.es/scielo.php?script=sci_arttext&pid=S0004-06142006000600015
S1130-01082005001100016-1.txt	1.txt	1130-0108	2005-11-01	Revista Española de Enfermedades Digestivas  v.97 n.11 2005	http://scielo.isciii.es/scielo.php?script=sci_arttext&pid=S1130-01082005001100016
S1887-85712011000200007-1.txt	1.txt	1887-8571	2011-06-01	Sanidad Militar  v.67 n.2 2011	http://scielo.isciii.es/scielo.php?script=sci_arttext&pid=S1887-85712011000200007
S0210-48062009000900015-3.txt	3.txt	0210-4806	2009-10-01	Actas Urológicas Españolas  v.33 n.9 2009	http://scielo.isciii.es/scielo.php?script=sci_arttext&pid=S0210-48062009000900015
S1130-63432014000100012-1.txt	1.txt	1130-6343	2014-02-01	Farmacia Hospitalaria  v.38 n.1 2014	http://scielo.isciii.es/scielo.php?script=sci_arttext&pid=S1130-63432014000100012
S1130-01082008001200016-2.txt	2.txt	1130-0108	2008-12-01	Revista Española de Enfermedades Digestivas  v.100 n.12 2008	http://scielo.isciii.es/scielo.php?script=sci_arttext&pid=S1130-01082008001200016
S0210-56912006000600007-1.txt	1.txt	0210-5691	2006-09-01	Medicina Intensiva  v.30 n.6 2006	http://scielo.isciii.es/scielo.php?script=sci_arttext&pid=S0210-56912006000600007
S1137-66272009000500017-1.txt	1.txt	1137-6627	2009-12-01	Anales del Sistema Sanitario de Navarra  v.32 n.3 2009	http://scielo.isciii.es/scielo.php?script=sci_arttext&pid=S1137-66272009000500017
S0212-16112013000400053-1.txt	1.txt	0212-1611	2013-08-01	Nutrición Hospitalaria  v.28 n.4 2013	http://scielo.isciii.es/scielo.php?script=sci_arttext&pid=S0212-16112013000400053
S1130-63432016000500012-1.txt	1.txt	1130-6343	2016-10-01	Farmacia Hospitalaria  v.40 n.5 2016	http://scielo.isciii.es/scielo.php?script=sci_arttext&pid=S1130-63432016000500012
S1139-76322015000400006-1.txt	1.txt	1139-7632	2015-09-01	Pediatría Atención Primaria  v.17 n.67 2015	http://scielo.isciii.es/scielo.php?script=sci_arttext&pid=S1139-76322015000400006
S0210-48062004000500008-1.txt	1.txt	0210-4806	2004-05-01	Actas Urológicas Españolas  v.28 n.5 2004	http://scielo.isciii.es/scielo.php?script=sci_arttext&pid=S0210-48062004000500008
S0210-56912006000800008-1.txt	1.txt	0210-5691	2006-11-01	Medicina Intensiva  v.30 n.8 2006	http://scielo.isciii.es/scielo.php?script=sci_arttext&pid=S0210-56912006000800008
S0004-06142009000100010-3.txt	3.txt	0004-0614	2009-02-01	Archivos Españoles de Urología (Ed. impresa)  v.62 n.1 2009	http://scielo.isciii.es/scielo.php?script=sci_arttext&pid=S0004-06142009000100010
S0210-48062007000700016-1.txt	1.txt	0210-4806	2007-08-01	Actas Urológicas Españolas  v.31 n.7 2007	http://scielo.isciii.es/scielo.php?script=sci_arttext&pid=S0210-48062007000700016
S1130-01082009001000013-1.txt	1.txt	1130-0108	2009-10-01	Revista Española de Enfermedades Digestivas  v.101 n.10 2009	http://scielo.isciii.es/scielo.php?script=sci_arttext&pid=S1130-01082009001000013
S1130-63432013000100011-1.txt	1.txt	1130-6343	2013-02-01	Farmacia Hospitalaria  v.37 n.1 2013	http://scielo.isciii.es/scielo.php?script=sci_arttext&pid=S1130-63432013000100011
S0212-71992003000500006-1.txt	1.txt	0212-7199	2003-05-01	Anales de Medicina Interna  v.20 n.5 2003	http://scielo.isciii.es/scielo.php?script=sci_arttext&pid=S0212-71992003000500006
S0465-546X2010000200006-1.txt	1.txt	0465-546X	2010-06-01	Medicina y Seguridad del Trabajo  v.56 n.219 2010	http://scielo.isciii.es/scielo.php?script=sci_arttext&pid=S0465-546X2010000200006
S1887-85712015000200005-1.txt	1.txt	1887-8571	2015-06-01	Sanidad Militar  v.71 n.2 2015	http://scielo.isciii.es/scielo.php?script=sci_arttext&pid=S1887-85712015000200005
S0212-16112011000600041-1.txt	1.txt	0212-1611	2011-12-01	Nutrición Hospitalaria  v.26 n.6 2011	http://scielo.isciii.es/scielo.php?script=sci_arttext&pid=S0212-16112011000600041
S1130-01082007001200012-1.txt	1.txt	1130-0108	2007-12-01	Revista Española de Enfermedades Digestivas  v.99 n.12 2007	http://scielo.isciii.es/scielo.php?script=sci_arttext&pid=S1130-01082007001200012
S0004-06142007000900013-1.txt	1.txt	0004-0614	2007-11-01	Archivos Españoles de Urología (Ed. impresa)  v.60 n.9 2007	http://scielo.isciii.es/scielo.php?script=sci_arttext&pid=S0004-06142007000900013
S1130-05582008000400008-3.txt	3.txt	1130-0558	2008-08-01	Revista Española de Cirugía Oral y Maxilofacial  v.30 n.4 2008	http://scielo.isciii.es/scielo.php?script=sci_arttext&pid=S1130-05582008000400008
S1130-01082007000700011-2.txt	2.txt	1130-0108	2007-07-01	Revista Española de Enfermedades Digestivas  v.99 n.7 2007	http://scielo.isciii.es/scielo.php?script=sci_arttext&pid=S1130-01082007000700011
S0465-546X2014000400012-1.txt	1.txt	0465-546X	2014-12-01	Medicina y Seguridad del Trabajo  v.60 n.237 2014	http://scielo.isciii.es/scielo.php?script=sci_arttext&pid=S0465-546X2014000400012
S0004-06142007000700014-1.txt	1.txt	0004-0614	2007-09-01	Archivos Españoles de Urología (Ed. impresa)  v.60 n.7 2007	http://scielo.isciii.es/scielo.php?script=sci_arttext&pid=S0004-06142007000700014
S0212-16112009000300015-1.txt	1.txt	0212-1611	2009-06-01	Nutrición Hospitalaria  v.24 n.3 2009	http://scielo.isciii.es/scielo.php?script=sci_arttext&pid=S0212-16112009000300015
S0210-48062007000400013-1.txt	1.txt	0210-4806	2007-04-01	Actas Urológicas Españolas  v.31 n.4 2007	http://scielo.isciii.es/scielo.php?script=sci_arttext&pid=S0210-48062007000400013
S1130-01082008001100009-1.txt	1.txt	1130-0108	2008-11-01	Revista Española de Enfermedades Digestivas  v.100 n.11 2008	http://scielo.isciii.es/scielo.php?script=sci_arttext&pid=S1130-01082008001100009
S0376-78922016000300010-1.txt	1.txt	0376-7892	2016-09-01	Cirugía Plástica Ibero-Latinoamericana  v.42 n.3 2016	http://scielo.isciii.es/scielo.php?script=sci_arttext&pid=S0376-78922016000300010
S1130-01082008000400013-1.txt	1.txt	1130-0108	2008-04-01	Revista Española de Enfermedades Digestivas  v.100 n.4 2008	http://scielo.isciii.es/scielo.php?script=sci_arttext&pid=S1130-01082008000400013
S1137-66272007000500016-1.txt	1.txt	1137-6627	2007-12-01	Anales del Sistema Sanitario de Navarra  v.30 n.3 2007	http://scielo.isciii.es/scielo.php?script=sci_arttext&pid=S1137-66272007000500016
S1139-13752009000200010-1.txt	1.txt	1139-1375	2009-06-01	Revista de la Sociedad Española de Enfermería Nefrológica  v.12 n.2 2009	http://scielo.isciii.es/scielo.php?script=sci_arttext&pid=S1139-13752009000200010
S1139-76322009000700014-2.txt	2.txt	1139-7632	2009-12-01	Pediatría Atención Primaria  v.11 suppl.17 2009	http://scielo.isciii.es/scielo.php?script=sci_arttext&pid=S1139-76322009000700014
S0376-78922017000100008-1.txt	1.txt	0376-7892	2017-03-01	Cirugía Plástica Ibero-Latinoamericana  v.43 n.1 2017	http://scielo.isciii.es/scielo.php?script=sci_arttext&pid=S0376-78922017000100008
S1699-695X2015000300010-1.txt	1.txt	1699-695X	2015-10-01	Revista Clínica de Medicina de Familia  v.8 n.3 2015	http://scielo.isciii.es/scielo.php?script=sci_arttext&pid=S1699-695X2015000300010
S1130-01082010000600012-1.txt	1.txt	1130-0108	2010-06-01	Revista Española de Enfermedades Digestivas  v.102 n.6 2010	http://scielo.isciii.es/scielo.php?script=sci_arttext&pid=S1130-01082010000600012
S0211-69952009000600023-1.txt	1.txt	0211-6995	2009-01-01	Nefrología (Madrid)  v.29 n.6 2009	http://scielo.isciii.es/scielo.php?script=sci_arttext&pid=S0211-69952009000600023
S1135-76062010000200004-1.txt	1.txt	1135-7606	2010-09-01	Cuadernos de Medicina Forense  v.16 n.3 2010	http://scielo.isciii.es/scielo.php?script=sci_arttext&pid=S1135-76062010000200004
S1130-01082009000700016-1.txt	1.txt	1130-0108	2009-07-01	Revista Española de Enfermedades Digestivas  v.101 n.7 2009	http://scielo.isciii.es/scielo.php?script=sci_arttext&pid=S1130-01082009000700016
S1137-66272011000300023-1.txt	1.txt	1137-6627	2011-12-01	Anales del Sistema Sanitario de Navarra  v.34 n.3 2011	http://scielo.isciii.es/scielo.php?script=sci_arttext&pid=S1137-66272011000300023
S1130-05582017000100044-2.txt	2.txt	1130-0558	2017-03-01	Revista Española de Cirugía Oral y Maxilofacial  v.39 n.1 2017	http://scielo.isciii.es/scielo.php?script=sci_arttext&pid=S1130-05582017000100044
S1130-01082006000100014-1.txt	1.txt	1130-0108	2006-01-01	Revista Española de Enfermedades Digestivas  v.98 n.1 2006	http://scielo.isciii.es/scielo.php?script=sci_arttext&pid=S1130-01082006000100014
S1130-01082008000500008-1.txt	1.txt	1130-0108	2008-05-01	Revista Española de Enfermedades Digestivas  v.100 n.5 2008	http://scielo.isciii.es/scielo.php?script=sci_arttext&pid=S1130-01082008000500008
S1137-66272011000100012-1.txt	1.txt	1137-6627	2011-04-01	Anales del Sistema Sanitario de Navarra  v.34 n.1 2011	http://scielo.isciii.es/scielo.php?script=sci_arttext&pid=S1137-66272011000100012
S0210-48062007001000004-4.txt	4.txt	0210-4806	2007-12-01	Actas Urológicas Españolas  v.31 n.10 2007	http://scielo.isciii.es/scielo.php?script=sci_arttext&pid=S0210-48062007001000004
S1130-01082009000200012-1.txt	1.txt	1130-0108	2009-02-01	Revista Española de Enfermedades Digestivas  v.101 n.2 2009	http://scielo.isciii.es/scielo.php?script=sci_arttext&pid=S1130-01082009000200012
S1130-01082009000400011-1.txt	1.txt	1130-0108	2009-04-01	Revista Española de Enfermedades Digestivas  v.101 n.4 2009	http://scielo.isciii.es/scielo.php?script=sci_arttext&pid=S1130-01082009000400011
S0004-06142007000600016-2.txt	2.txt	0004-0614	2007-08-01	Archivos Españoles de Urología (Ed. impresa)  v.60 n.6 2007	http://scielo.isciii.es/scielo.php?script=sci_arttext&pid=S0004-06142007000600016
S1130-63432016000100009-1.txt	1.txt	1130-6343	2016-02-01	Farmacia Hospitalaria  v.40 n.1 2016	http://scielo.isciii.es/scielo.php?script=sci_arttext&pid=S1130-63432016000100009
S0210-48062007000400012-1.txt	1.txt	0210-4806	2007-04-01	Actas Urológicas Españolas  v.31 n.4 2007	http://scielo.isciii.es/scielo.php?script=sci_arttext&pid=S0210-48062007000400012
S0004-06142006000900015-1.txt	1.txt	0004-0614	2006-11-01	Archivos Españoles de Urología (Ed. impresa)  v.59 n.9 2006	http://scielo.isciii.es/scielo.php?script=sci_arttext&pid=S0004-06142006000900015
S1137-66272016000200010-1.txt	1.txt	1137-6627	2016-08-01	Anales del Sistema Sanitario de Navarra  v.39 n.2 2016	http://scielo.isciii.es/scielo.php?script=sci_arttext&pid=S1137-66272016000200010
S1135-76062011000100006-1.txt	1.txt	1135-7606	2011-03-01	Cuadernos de Medicina Forense  v.17 n.1 2011	http://scielo.isciii.es/scielo.php?script=sci_arttext&pid=S1135-76062011000100006
S0365-66912005000600011-1.txt	1.txt	0365-6691	2005-06-01	Archivos de la Sociedad Española de Oftalmología  v.80 n.6 2005	http://scielo.isciii.es/scielo.php?script=sci_arttext&pid=S0365-66912005000600011
S0210-56912007000200007-3.txt	3.txt	0210-5691	2007-03-01	Medicina Intensiva  v.31 n.2 2007	http://scielo.isciii.es/scielo.php?script=sci_arttext&pid=S0210-56912007000200007
S0365-66912009000800005-1.txt	1.txt	0365-6691	2009-08-01	Archivos de la Sociedad Española de Oftalmología  v.84 n.8 2009	http://scielo.isciii.es/scielo.php?script=sci_arttext&pid=S0365-66912009000800005
S0211-69952014000200018-1.txt	1.txt	0211-6995	2014-01-01	Nefrología (Madrid)  v.34 n.2 2014	http://scielo.isciii.es/scielo.php?script=sci_arttext&pid=S0211-69952014000200018
S1130-14732006000500005-1.txt	1.txt	1130-1473	2006-10-01	Neurocirugía  v.17 n.5 2006	http://scielo.isciii.es/scielo.php?script=sci_arttext&pid=S1130-14732006000500005
S1130-01082005000500013-1.txt	1.txt	1130-0108	2005-05-01	Revista Española de Enfermedades Digestivas  v.97 n.5 2005	http://scielo.isciii.es/scielo.php?script=sci_arttext&pid=S1130-01082005000500013
S0365-66912006000900010-1.txt	1.txt	0365-6691	2006-09-01	Archivos de la Sociedad Española de Oftalmología  v.81 n.9 2006	http://scielo.isciii.es/scielo.php?script=sci_arttext&pid=S0365-66912006000900010
S0212-71992005001000009-1.txt	1.txt	0212-7199	2005-10-01	Anales de Medicina Interna  v.22 n.10 2005	http://scielo.isciii.es/scielo.php?script=sci_arttext&pid=S0212-71992005001000009
S0376-78922016000200011-1.txt	1.txt	0376-7892	2016-06-01	Cirugía Plástica Ibero-Latinoamericana  v.42 n.2 2016	http://scielo.isciii.es/scielo.php?script=sci_arttext&pid=S0376-78922016000200011
S1139-76322010000600010-1.txt	1.txt	1139-7632	2010-12-01	Pediatría Atención Primaria  v.12 n.48 2010	http://scielo.isciii.es/scielo.php?script=sci_arttext&pid=S1139-76322010000600010
S0004-06142006000900006-1.txt	1.txt	0004-0614	2006-11-01	Archivos Españoles de Urología (Ed. impresa)  v.59 n.9 2006	http://scielo.isciii.es/scielo.php?script=sci_arttext&pid=S0004-06142006000900006
S0365-66912006001100006-4.txt	4.txt	0365-6691	2006-11-01	Archivos de la Sociedad Española de Oftalmología  v.81 n.11 2006	http://scielo.isciii.es/scielo.php?script=sci_arttext&pid=S0365-66912006001100006
S0210-56912010000200009-1.txt	1.txt	0210-5691	2010-03-01	Medicina Intensiva  v.34 n.2 2010	http://scielo.isciii.es/scielo.php?script=sci_arttext&pid=S0210-56912010000200009
S1130-05582017000200117-1.txt	1.txt	1130-0558	2017-06-01	Revista Española de Cirugía Oral y Maxilofacial  v.39 n.2 2017	http://scielo.isciii.es/scielo.php?script=sci_arttext&pid=S1130-05582017000200117
S0376-78922011000500005-1.txt	1.txt	0376-7892	2011-12-01	Cirugía Plástica Ibero-Latinoamericana  v.37 suppl.1 2011	http://scielo.isciii.es/scielo.php?script=sci_arttext&pid=S0376-78922011000500005
S0210-48062006000400012-1.txt	1.txt	0210-4806	2006-04-01	Actas Urológicas Españolas  v.30 n.4 2006	http://scielo.isciii.es/scielo.php?script=sci_arttext&pid=S0210-48062006000400012
S0365-66912006000200012-1.txt	1.txt	0365-6691	2006-02-01	Archivos de la Sociedad Española de Oftalmología  v.81 n.2 2006	http://scielo.isciii.es/scielo.php?script=sci_arttext&pid=S0365-66912006000200012
S0378-48352006000300005-1.txt	1.txt	0378-4835	2006-03-01	Oncología (Barcelona)  v.29 n.3 2006	http://scielo.isciii.es/scielo.php?script=sci_arttext&pid=S0378-48352006000300005
S0365-66912005001000011-1.txt	1.txt	0365-6691	2005-10-01	Archivos de la Sociedad Española de Oftalmología  v.80 n.10 2005	http://scielo.isciii.es/scielo.php?script=sci_arttext&pid=S0365-66912005001000011
S0365-66912005001200010-1.txt	1.txt	0365-6691	2005-12-01	Archivos de la Sociedad Española de Oftalmología  v.80 n.12 2005	http://scielo.isciii.es/scielo.php?script=sci_arttext&pid=S0365-66912005001200010
S1130-05582010000200004-1.txt	1.txt	1130-0558	2010-06-01	Revista Española de Cirugía Oral y Maxilofacial  v.32 n.2 2010	http://scielo.isciii.es/scielo.php?script=sci_arttext&pid=S1130-05582010000200004
S1139-76322014000500014-1.txt	1.txt	1139-7632	2014-12-01	Pediatría Atención Primaria  v.16 n.64 2014	http://scielo.isciii.es/scielo.php?script=sci_arttext&pid=S1139-76322014000500014
S0378-48352005000400004-1.txt	1.txt	0378-4835	2005-04-01	Oncología (Barcelona)  v.28 n.4 2005	http://scielo.isciii.es/scielo.php?script=sci_arttext&pid=S0378-48352005000400004
S0376-78922011000500012-1.txt	1.txt	0376-7892	2011-12-01	Cirugía Plástica Ibero-Latinoamericana  v.37 suppl.1 2011	http://scielo.isciii.es/scielo.php?script=sci_arttext&pid=S0376-78922011000500012
S0212-16112012000600045-1.txt	1.txt	0212-1611	2012-12-01	Nutrición Hospitalaria  v.27 n.6 2012	http://scielo.isciii.es/scielo.php?script=sci_arttext&pid=S0212-16112012000600045
S1699-695X2015000100013-1.txt	1.txt	1699-695X	2015-02-01	Revista Clínica de Medicina de Familia  v.8 n.1 2015	http://scielo.isciii.es/scielo.php?script=sci_arttext&pid=S1699-695X2015000100013
S0365-66912004000800009-1.txt	1.txt	0365-6691	2004-08-01	Archivos de la Sociedad Española de Oftalmología  v.79 n.8 2004	http://scielo.isciii.es/scielo.php?script=sci_arttext&pid=S0365-66912004000800009
S0376-78922012000300005-1.txt	1.txt	0376-7892	2012-09-01	Cirugía Plástica Ibero-Latinoamericana  v.38 n.3 2012	http://scielo.isciii.es/scielo.php?script=sci_arttext&pid=S0376-78922012000300005
S0365-66912007001200011-1.txt	1.txt	0365-6691	2007-12-01	Archivos de la Sociedad Española de Oftalmología  v.82 n.12 2007	http://scielo.isciii.es/scielo.php?script=sci_arttext&pid=S0365-66912007001200011
S1130-05582013000200007-1.txt	1.txt	1130-0558	2013-06-01	Revista Española de Cirugía Oral y Maxilofacial  v.35 n.2 2013	http://scielo.isciii.es/scielo.php?script=sci_arttext&pid=S1130-05582013000200007
S1887-85712012000400006-1.txt	1.txt	1887-8571	2012-12-01	Sanidad Militar  v.68 n.4 2012	http://scielo.isciii.es/scielo.php?script=sci_arttext&pid=S1887-85712012000400006
S0365-66912006000500008-1.txt	1.txt	0365-6691	2006-05-01	Archivos de la Sociedad Española de Oftalmología  v.81 n.5 2006	http://scielo.isciii.es/scielo.php?script=sci_arttext&pid=S0365-66912006000500008
S0210-48062003000400012-1.txt	1.txt	0210-4806	2003-04-01	Actas Urológicas Españolas  v.27 n.4 2003	http://scielo.isciii.es/scielo.php?script=sci_arttext&pid=S0210-48062003000400012
S1130-05582008000500006-1.txt	1.txt	1130-0558	2008-10-01	Revista Española de Cirugía Oral y Maxilofacial  v.30 n.5 2008	http://scielo.isciii.es/scielo.php?script=sci_arttext&pid=S1130-05582008000500006
S1130-05582009000600006-1.txt	1.txt	1130-0558	2009-12-01	Revista Española de Cirugía Oral y Maxilofacial  v.31 n.6 2009	http://scielo.isciii.es/scielo.php?script=sci_arttext&pid=S1130-05582009000600006
S0211-69952014000200012-1.txt	1.txt	0211-6995	2014-01-01	Nefrología (Madrid)  v.34 n.2 2014	http://scielo.isciii.es/scielo.php?script=sci_arttext&pid=S0211-69952014000200012
S1699-695X2014000200007-1.txt	1.txt	1699-695X	2014-06-01	Revista Clínica de Medicina de Familia  v.7 n.2 2014	http://scielo.isciii.es/scielo.php?script=sci_arttext&pid=S1699-695X2014000200007
S0376-78922009000300010-1.txt	1.txt	0376-7892	2009-09-01	Cirugía Plástica Ibero-Latinoamericana  v.35 n.3 2009	http://scielo.isciii.es/scielo.php?script=sci_arttext&pid=S0376-78922009000300010
S1139-76322009000100006-1.txt	1.txt	1139-7632	2009-03-01	Pediatría Atención Primaria  v.11 n.41 2009	http://scielo.isciii.es/scielo.php?script=sci_arttext&pid=S1139-76322009000100006
S0004-06142007000900010-1.txt	1.txt	0004-0614	2007-11-01	Archivos Españoles de Urología (Ed. impresa)  v.60 n.9 2007	http://scielo.isciii.es/scielo.php?script=sci_arttext&pid=S0004-06142007000900010
S0210-48062004000900010-1.txt	1.txt	0210-4806	2004-10-01	Actas Urológicas Españolas  v.28 n.9 2004	http://scielo.isciii.es/scielo.php?script=sci_arttext&pid=S0210-48062004000900010
S1137-66272016000200015-1.txt	1.txt	1137-6627	2016-08-01	Anales del Sistema Sanitario de Navarra  v.39 n.2 2016	http://scielo.isciii.es/scielo.php?script=sci_arttext&pid=S1137-66272016000200015
S0212-71992006000700009-1.txt	1.txt	0212-7199	2006-07-01	Anales de Medicina Interna  v.23 n.7 2006	http://scielo.isciii.es/scielo.php?script=sci_arttext&pid=S0212-71992006000700009
S0365-66912012000200004-1.txt	1.txt	0365-6691	2012-02-01	Archivos de la Sociedad Española de Oftalmología  v.87 n.2 2012	http://scielo.isciii.es/scielo.php?script=sci_arttext&pid=S0365-66912012000200004
S1134-80462015000200005-1.txt	1.txt	1134-8046	2015-04-01	Revista de la Sociedad Española del Dolor  v.22 n.2 2015	http://scielo.isciii.es/scielo.php?script=sci_arttext&pid=S1134-80462015000200005
S1130-01082007001100010-1.txt	1.txt	1130-0108	2007-11-01	Revista Española de Enfermedades Digestivas  v.99 n.11 2007	http://scielo.isciii.es/scielo.php?script=sci_arttext&pid=S1130-01082007001100010
S0376-78922009000100014-1.txt	1.txt	0376-7892	2009-03-01	Cirugía Plástica Ibero-Latinoamericana  v.35 n.1 2009	http://scielo.isciii.es/scielo.php?script=sci_arttext&pid=S0376-78922009000100014
S0004-06142008000400013-1.txt	1.txt	0004-0614	2008-05-01	Archivos Españoles de Urología (Ed. impresa)  v.61 n.4 2008	http://scielo.isciii.es/scielo.php?script=sci_arttext&pid=S0004-06142008000400013
S0211-69952016000300015-1.txt	1.txt	0211-6995	2016-06-01	Nefrología (Madrid)  v.36 n.3 2016	http://scielo.isciii.es/scielo.php?script=sci_arttext&pid=S0211-69952016000300015
S0004-06142006000200013-1.txt	1.txt	0004-0614	2006-03-01	Archivos Españoles de Urología (Ed. impresa)  v.59 n.2 2006	http://scielo.isciii.es/scielo.php?script=sci_arttext&pid=S0004-06142006000200013
S1130-01082007001100010-2.txt	2.txt	1130-0108	2007-11-01	Revista Española de Enfermedades Digestivas  v.99 n.11 2007	http://scielo.isciii.es/scielo.php?script=sci_arttext&pid=S1130-01082007001100010
S0212-71992007000200007-1.txt	1.txt	0212-7199	2007-02-01	Anales de Medicina Interna  v.24 n.2 2007	http://scielo.isciii.es/scielo.php?script=sci_arttext&pid=S0212-71992007000200007
S0213-12852016000500002-1.txt	1.txt	0213-1285	2016-10-01	Avances en Odontoestomatología  v.32 n.5 2016	http://scielo.isciii.es/scielo.php?script=sci_arttext&pid=S0213-12852016000500002
S1139-76322012000400010-1.txt	1.txt	1139-7632	2012-09-01	Pediatría Atención Primaria  v.14 n.55 2012	http://scielo.isciii.es/scielo.php?script=sci_arttext&pid=S1139-76322012000400010
S1698-44472005000400012-1.txt	1.txt	1698-4447	2005-10-01	Medicina Oral, Patología Oral y Cirugía Bucal (Ed. impresa)  v.10 n.4 2005	http://scielo.isciii.es/scielo.php?script=sci_arttext&pid=S1698-44472005000400012
S1130-05582012000300005-1.txt	1.txt	1130-0558	2012-09-01	Revista Española de Cirugía Oral y Maxilofacial  v.34 n.3 2012	http://scielo.isciii.es/scielo.php?script=sci_arttext&pid=S1130-05582012000300005
S1131-57682003000400014-1.txt	1.txt	1131-5768	2003-04-01	Medifam  v.13 n.4 2003	http://scielo.isciii.es/scielo.php?script=sci_arttext&pid=S1131-57682003000400014
S0004-06142005000900015-1.txt	1.txt	0004-0614	2005-11-01	Archivos Españoles de Urología (Ed. impresa)  v.58 n.9 2005	http://scielo.isciii.es/scielo.php?script=sci_arttext&pid=S0004-06142005000900015
S1130-01082007000700011-1.txt	1.txt	1130-0108	2007-07-01	Revista Española de Enfermedades Digestivas  v.99 n.7 2007	http://scielo.isciii.es/scielo.php?script=sci_arttext&pid=S1130-01082007000700011
S1135-76062009000300004-1.txt	1.txt	1135-7606	2009-07-01	Cuadernos de Medicina Forense  n.57 2009	http://scielo.isciii.es/scielo.php?script=sci_arttext&pid=S1135-76062009000300004
S0365-66912012000500005-1.txt	1.txt	0365-6691	2012-05-01	Archivos de la Sociedad Española de Oftalmología  v.87 n.5 2012	http://scielo.isciii.es/scielo.php?script=sci_arttext&pid=S0365-66912012000500005
S0378-48352004000900006-1.txt	1.txt	0378-4835	2004-09-01	Oncología (Barcelona)  v.27 n.9 2004	http://scielo.isciii.es/scielo.php?script=sci_arttext&pid=S0378-48352004000900006
S0376-78922009000400002-1.txt	1.txt	0376-7892	2009-12-01	Cirugía Plástica Ibero-Latinoamericana  v.35 n.4 2009	http://scielo.isciii.es/scielo.php?script=sci_arttext&pid=S0376-78922009000400002
S0210-48062006000200018-1.txt	1.txt	0210-4806	2006-02-01	Actas Urológicas Españolas  v.30 n.2 2006	http://scielo.isciii.es/scielo.php?script=sci_arttext&pid=S0210-48062006000200018
S0004-06142006000700008-1.txt	1.txt	0004-0614	2006-09-01	Archivos Españoles de Urología (Ed. impresa)  v.59 n.7 2006	http://scielo.isciii.es/scielo.php?script=sci_arttext&pid=S0004-06142006000700008
S1887-85712014000100005-1.txt	1.txt	1887-8571	2014-03-01	Sanidad Militar  v.70 n.1 2014	http://scielo.isciii.es/scielo.php?script=sci_arttext&pid=S1887-85712014000100005
S1130-01082009000400015-1.txt	1.txt	1130-0108	2009-04-01	Revista Española de Enfermedades Digestivas  v.101 n.4 2009	http://scielo.isciii.es/scielo.php?script=sci_arttext&pid=S1130-01082009000400015
S0376-78922012000100001-1.txt	1.txt	0376-7892	2012-03-01	Cirugía Plástica Ibero-Latinoamericana  v.38 n.1 2012	http://scielo.isciii.es/scielo.php?script=sci_arttext&pid=S0376-78922012000100001
S0004-06142007000300012-1.txt	1.txt	0004-0614	2007-04-01	Archivos Españoles de Urología (Ed. impresa)  v.60 n.3 2007	http://scielo.isciii.es/scielo.php?script=sci_arttext&pid=S0004-06142007000300012
S0210-48062009000400017-1.txt	1.txt	0210-4806	2009-04-01	Actas Urológicas Españolas  v.33 n.4 2009	http://scielo.isciii.es/scielo.php?script=sci_arttext&pid=S0210-48062009000400017
S0376-78922012000300010-1.txt	1.txt	0376-7892	2012-09-01	Cirugía Plástica Ibero-Latinoamericana  v.38 n.3 2012	http://scielo.isciii.es/scielo.php?script=sci_arttext&pid=S0376-78922012000300010
S0210-56912008000400007-3.txt	3.txt	0210-5691	2008-05-01	Medicina Intensiva  v.32 n.4 2008	http://scielo.isciii.es/scielo.php?script=sci_arttext&pid=S0210-56912008000400007
S0211-69952011000500013-1.txt	1.txt	0211-6995	2011-01-01	Nefrología (Madrid)  v.31 n.5 2011	http://scielo.isciii.es/scielo.php?script=sci_arttext&pid=S0211-69952011000500013
S0004-06142009000500011-1.txt	1.txt	0004-0614	2009-06-01	Archivos Españoles de Urología (Ed. impresa)  v.62 n.5 2009	http://scielo.isciii.es/scielo.php?script=sci_arttext&pid=S0004-06142009000500011
S1135-76062010000200006-1.txt	1.txt	1135-7606	2010-09-01	Cuadernos de Medicina Forense  v.16 n.3 2010	http://scielo.isciii.es/scielo.php?script=sci_arttext&pid=S1135-76062010000200006
S0004-06142009000100013-1.txt	1.txt	0004-0614	2009-02-01	Archivos Españoles de Urología (Ed. impresa)  v.62 n.1 2009	http://scielo.isciii.es/scielo.php?script=sci_arttext&pid=S0004-06142009000100013
S0004-06142008000500014-1.txt	1.txt	0004-0614	2008-06-01	Archivos Españoles de Urología (Ed. impresa)  v.61 n.5 2008	http://scielo.isciii.es/scielo.php?script=sci_arttext&pid=S0004-06142008000500014
S0212-71992007001000007-1.txt	1.txt	0212-7199	2007-10-01	Anales de Medicina Interna  v.24 n.10 2007	http://scielo.isciii.es/scielo.php?script=sci_arttext&pid=S0212-71992007001000007
S1130-05582014000400006-1.txt	1.txt	1130-0558	2014-12-01	Revista Española de Cirugía Oral y Maxilofacial  v.36 n.4 2014	http://scielo.isciii.es/scielo.php?script=sci_arttext&pid=S1130-05582014000400006
S0210-56912007000700008-1.txt	1.txt	0210-5691	2007-10-01	Medicina Intensiva  v.31 n.7 2007	http://scielo.isciii.es/scielo.php?script=sci_arttext&pid=S0210-56912007000700008
S1139-76322015000100010-1.txt	1.txt	1139-7632	2015-03-01	Pediatría Atención Primaria  v.17 n.65 2015	http://scielo.isciii.es/scielo.php?script=sci_arttext&pid=S1139-76322015000100010
S1137-66272014000100019-1.txt	1.txt	1137-6627	2014-04-01	Anales del Sistema Sanitario de Navarra  v.37 n.1 2014	http://scielo.isciii.es/scielo.php?script=sci_arttext&pid=S1137-66272014000100019
S0365-66912011000900005-1.txt	1.txt	0365-6691	2011-09-01	Archivos de la Sociedad Española de Oftalmología  v.86 n.9 2011	http://scielo.isciii.es/scielo.php?script=sci_arttext&pid=S0365-66912011000900005
S0004-06142008000600014-1.txt	1.txt	0004-0614	2008-08-01	Archivos Españoles de Urología (Ed. impresa)  v.61 n.6 2008	http://scielo.isciii.es/scielo.php?script=sci_arttext&pid=S0004-06142008000600014
S0378-48352006000900006-1.txt	1.txt	0378-4835	2006-10-01	Oncología (Barcelona)  v.29 n.9 2006	http://scielo.isciii.es/scielo.php?script=sci_arttext&pid=S0378-48352006000900006
S0365-66912009000300009-1.txt	1.txt	0365-6691	2009-03-01	Archivos de la Sociedad Española de Oftalmología  v.84 n.3 2009	http://scielo.isciii.es/scielo.php?script=sci_arttext&pid=S0365-66912009000300009
S1130-05582014000300006-1.txt	1.txt	1130-0558	2014-09-01	Revista Española de Cirugía Oral y Maxilofacial  v.36 n.3 2014	http://scielo.isciii.es/scielo.php?script=sci_arttext&pid=S1130-05582014000300006
S1130-05582008000200006-1.txt	1.txt	1130-0558	2008-04-01	Revista Española de Cirugía Oral y Maxilofacial  v.30 n.2 2008	http://scielo.isciii.es/scielo.php?script=sci_arttext&pid=S1130-05582008000200006
S0376-78922014000200012-1.txt	1.txt	0376-7892	2014-06-01	Cirugía Plástica Ibero-Latinoamericana  v.40 n.2 2014	http://scielo.isciii.es/scielo.php?script=sci_arttext&pid=S0376-78922014000200012
S1131-57682003000300008-1.txt	1.txt	1131-5768	2003-03-01	Medifam  v.13 n.3 2003	http://scielo.isciii.es/scielo.php?script=sci_arttext&pid=S1131-57682003000300008
S0211-69952015000300011-1.txt	1.txt	0211-6995	2015-01-01	Nefrología (Madrid)  v.35 n.3 2015	http://scielo.isciii.es/scielo.php?script=sci_arttext&pid=S0211-69952015000300011
S1130-01082007001100012-1.txt	1.txt	1130-0108	2007-11-01	Revista Española de Enfermedades Digestivas  v.99 n.11 2007	http://scielo.isciii.es/scielo.php?script=sci_arttext&pid=S1130-01082007001100012
S1130-01082011000500014-1.txt	1.txt	1130-0108	2011-05-01	Revista Española de Enfermedades Digestivas  v.103 n.5 2011	http://scielo.isciii.es/scielo.php?script=sci_arttext&pid=S1130-01082011000500014
S1887-85712015000100005-1.txt	1.txt	1887-8571	2015-03-01	Sanidad Militar  v.71 n.1 2015	http://scielo.isciii.es/scielo.php?script=sci_arttext&pid=S1887-85712015000100005
S1889-836X2015000200005-1.txt	1.txt	1889-836X	2015-06-01	Revista de Osteoporosis y Metabolismo Mineral  v.7 n.2 2015	http://scielo.isciii.es/scielo.php?script=sci_arttext&pid=S1889-836X2015000200005
S1888-75462016000400180-1.txt	1.txt	1888-7546	2016-01-01	Revista Andaluza de Medicina del Deporte  v.9 n.4 2016	http://scielo.isciii.es/scielo.php?script=sci_arttext&pid=S1888-75462016000400180
S1138-123X2004000100006-2.txt	2.txt	1138-123X	2004-02-01	RCOE  v.9 n.1 2004	http://scielo.isciii.es/scielo.php?script=sci_arttext&pid=S1138-123X2004000100006
S0365-66912010001200005-1.txt	1.txt	0365-6691	2010-12-01	Archivos de la Sociedad Española de Oftalmología  v.85 n.12 2010	http://scielo.isciii.es/scielo.php?script=sci_arttext&pid=S0365-66912010001200005
S0211-69952011000500011-3.txt	3.txt	0211-6995	2011-01-01	Nefrología (Madrid)  v.31 n.5 2011	http://scielo.isciii.es/scielo.php?script=sci_arttext&pid=S0211-69952011000500011
S1130-05582007000500003-1.txt	1.txt	1130-0558	2007-10-01	Revista Española de Cirugía Oral y Maxilofacial  v.29 n.5 2007	http://scielo.isciii.es/scielo.php?script=sci_arttext&pid=S1130-05582007000500003
S0365-66912006001200009-1.txt	1.txt	0365-6691	2006-12-01	Archivos de la Sociedad Española de Oftalmología  v.81 n.12 2006	http://scielo.isciii.es/scielo.php?script=sci_arttext&pid=S0365-66912006001200009
S1130-05582017000100037-1.txt	1.txt	1130-0558	2017-03-01	Revista Española de Cirugía Oral y Maxilofacial  v.39 n.1 2017	http://scielo.isciii.es/scielo.php?script=sci_arttext&pid=S1130-05582017000100037
S0004-06142009000800011-1.txt	1.txt	0004-0614	2009-10-01	Archivos Españoles de Urología (Ed. impresa)  v.62 n.8 2009	http://scielo.isciii.es/scielo.php?script=sci_arttext&pid=S0004-06142009000800011
S0212-16112009000600017-1.txt	1.txt	0212-1611	2009-12-01	Nutrición Hospitalaria  v.24 n.6 2009	http://scielo.isciii.es/scielo.php?script=sci_arttext&pid=S0212-16112009000600017
S0210-48062009000900015-1.txt	1.txt	0210-4806	2009-10-01	Actas Urológicas Españolas  v.33 n.9 2009	http://scielo.isciii.es/scielo.php?script=sci_arttext&pid=S0210-48062009000900015
S1137-66272013000100023-1.txt	1.txt	1137-6627	2013-04-01	Anales del Sistema Sanitario de Navarra  v.36 n.1 2013	http://scielo.isciii.es/scielo.php?script=sci_arttext&pid=S1137-66272013000100023
S0365-66912012000500005-2.txt	2.txt	0365-6691	2012-05-01	Archivos de la Sociedad Española de Oftalmología  v.87 n.5 2012	http://scielo.isciii.es/scielo.php?script=sci_arttext&pid=S0365-66912012000500005
S1130-05582008000600006-1.txt	1.txt	1130-0558	2008-12-01	Revista Española de Cirugía Oral y Maxilofacial  v.30 n.6 2008	http://scielo.isciii.es/scielo.php?script=sci_arttext&pid=S1130-05582008000600006
S1130-05582017000200119-1.txt	1.txt	1130-0558	2017-06-01	Revista Española de Cirugía Oral y Maxilofacial  v.39 n.2 2017	http://scielo.isciii.es/scielo.php?script=sci_arttext&pid=S1130-05582017000200119
S1135-76062005000100002-1.txt	1.txt	1135-7606	2005-01-01	Cuadernos de Medicina Forense  n.39 2005	http://scielo.isciii.es/scielo.php?script=sci_arttext&pid=S1135-76062005000100002
S0213-12852003000600002-1.txt	1.txt	0213-1285	2003-12-01	Avances en Odontoestomatología  v.19 n.6 2003	http://scielo.isciii.es/scielo.php?script=sci_arttext&pid=S0213-12852003000600002
S0365-66912007000800013-1.txt	1.txt	0365-6691	2007-08-01	Archivos de la Sociedad Española de Oftalmología  v.82 n.8 2007	http://scielo.isciii.es/scielo.php?script=sci_arttext&pid=S0365-66912007000800013
S1137-66272004000500009-1.txt	1.txt	1137-6627	2004-12-01	Anales del Sistema Sanitario de Navarra  v.27 n.3 2004	http://scielo.isciii.es/scielo.php?script=sci_arttext&pid=S1137-66272004000500009
S0376-78922012000200008-1.txt	1.txt	0376-7892	2012-06-01	Cirugía Plástica Ibero-Latinoamericana  v.38 n.2 2012	http://scielo.isciii.es/scielo.php?script=sci_arttext&pid=S0376-78922012000200008
S1698-44472004000400012-1.txt	1.txt	1698-4447	2004-10-01	Medicina Oral, Patología Oral y Cirugía Bucal (Ed. impresa)  v.9 n.4 2004	http://scielo.isciii.es/scielo.php?script=sci_arttext&pid=S1698-44472004000400012
S0004-06142005000900016-1.txt	1.txt	0004-0614	2005-11-01	Archivos Españoles de Urología (Ed. impresa)  v.58 n.9 2005	http://scielo.isciii.es/scielo.php?script=sci_arttext&pid=S0004-06142005000900016
S1134-80462006000600005-1.txt	1.txt	1134-8046	2006-08-01	Revista de la Sociedad Española del Dolor  v.13 n.6 2006	http://scielo.isciii.es/scielo.php?script=sci_arttext&pid=S1134-80462006000600005
S0004-06142005000900013-1.txt	1.txt	0004-0614	2005-11-01	Archivos Españoles de Urología (Ed. impresa)  v.58 n.9 2005	http://scielo.isciii.es/scielo.php?script=sci_arttext&pid=S0004-06142005000900013
S1130-14732005000600008-1.txt	1.txt	1130-1473	2005-12-01	Neurocirugía  v.16 n.6 2005	http://scielo.isciii.es/scielo.php?script=sci_arttext&pid=S1130-14732005000600008
S0365-66912009001100005-1.txt	1.txt	0365-6691	2009-11-01	Archivos de la Sociedad Española de Oftalmología  v.84 n.11 2009	http://scielo.isciii.es/scielo.php?script=sci_arttext&pid=S0365-66912009001100005
S1698-69462006000300015-1.txt	1.txt	1698-6946	2006-06-01	Medicina Oral, Patología Oral y Cirugía Bucal (Internet)  v.11 n.3 2006	http://scielo.isciii.es/scielo.php?script=sci_arttext&pid=S1698-69462006000300015
S1699-695X2015000200010-1.txt	1.txt	1699-695X	2015-06-01	Revista Clínica de Medicina de Familia  v.8 n.2 2015	http://scielo.isciii.es/scielo.php?script=sci_arttext&pid=S1699-695X2015000200010
S1130-05582010000200003-1.txt	1.txt	1130-0558	2010-06-01	Revista Española de Cirugía Oral y Maxilofacial  v.32 n.2 2010	http://scielo.isciii.es/scielo.php?script=sci_arttext&pid=S1130-05582010000200003
S1130-63432014000500008-1.txt	1.txt	1130-6343	2014-10-01	Farmacia Hospitalaria  v.38 n.5 2014	http://scielo.isciii.es/scielo.php?script=sci_arttext&pid=S1130-63432014000500008
S0212-71992005000400009-1.txt	1.txt	0212-7199	2005-04-01	Anales de Medicina Interna  v.22 n.4 2005	http://scielo.isciii.es/scielo.php?script=sci_arttext&pid=S0212-71992005000400009
S1139-76322011000100011-1.txt	1.txt	1139-7632	2011-03-01	Pediatría Atención Primaria  v.13 n.49 2011	http://scielo.isciii.es/scielo.php?script=sci_arttext&pid=S1139-76322011000100011
S0365-66912012000800005-1.txt	1.txt	0365-6691	2012-08-01	Archivos de la Sociedad Española de Oftalmología  v.87 n.8 2012	http://scielo.isciii.es/scielo.php?script=sci_arttext&pid=S0365-66912012000800005
S0213-12852004000500002-1.txt	1.txt	0213-1285	2004-10-01	Avances en Odontoestomatología  v.20 n.5 2004	http://scielo.isciii.es/scielo.php?script=sci_arttext&pid=S0213-12852004000500002
S0365-66912006000600011-1.txt	1.txt	0365-6691	2006-06-01	Archivos de la Sociedad Española de Oftalmología  v.81 n.6 2006	http://scielo.isciii.es/scielo.php?script=sci_arttext&pid=S0365-66912006000600011
S1137-66272013000200023-1.txt	1.txt	1137-6627	2013-08-01	Anales del Sistema Sanitario de Navarra  v.36 n.2 2013	http://scielo.isciii.es/scielo.php?script=sci_arttext&pid=S1137-66272013000200023
S0365-66912009000300010-1.txt	1.txt	0365-6691	2009-03-01	Archivos de la Sociedad Española de Oftalmología  v.84 n.3 2009	http://scielo.isciii.es/scielo.php?script=sci_arttext&pid=S0365-66912009000300010
S1130-05582015000200006-1.txt	1.txt	1130-0558	2015-06-01	Revista Española de Cirugía Oral y Maxilofacial  v.37 n.2 2015	http://scielo.isciii.es/scielo.php?script=sci_arttext&pid=S1130-05582015000200006
S0211-69952012000700031-1.txt	1.txt	0211-6995	2012-01-01	Nefrología (Madrid)  v.32 n.5 2012	http://scielo.isciii.es/scielo.php?script=sci_arttext&pid=S0211-69952012000700031
S0212-16112013000300055-1.txt	1.txt	0212-1611	2013-06-01	Nutrición Hospitalaria  v.28 n.3 2013	http://scielo.isciii.es/scielo.php?script=sci_arttext&pid=S0212-16112013000300055
S0211-69952013000200025-1.txt	1.txt	0211-6995	2013-01-01	Nefrología (Madrid)  v.33 n.2 2013	http://scielo.isciii.es/scielo.php?script=sci_arttext&pid=S0211-69952013000200025
S1130-05582007000600003-1.txt	1.txt	1130-0558	2007-12-01	Revista Española de Cirugía Oral y Maxilofacial  v.29 n.6 2007	http://scielo.isciii.es/scielo.php?script=sci_arttext&pid=S1130-05582007000600003
S1139-76322012000300006-2.txt	2.txt	1139-7632	2012-06-01	Pediatría Atención Primaria  v.14 n.54 2012	http://scielo.isciii.es/scielo.php?script=sci_arttext&pid=S1139-76322012000300006
S1130-05582017000200099-1.txt	1.txt	1130-0558	2017-06-01	Revista Española de Cirugía Oral y Maxilofacial  v.39 n.2 2017	http://scielo.isciii.es/scielo.php?script=sci_arttext&pid=S1130-05582017000200099
S0365-66912004001000008-1.txt	1.txt	0365-6691	2004-10-01	Archivos de la Sociedad Española de Oftalmología  v.79 n.10 2004	http://scielo.isciii.es/scielo.php?script=sci_arttext&pid=S0365-66912004001000008
S0376-78922008000400008-1.txt	1.txt	0376-7892	2008-12-01	Cirugía Plástica Ibero-Latinoamericana  v.34 n.4 2008	http://scielo.isciii.es/scielo.php?script=sci_arttext&pid=S0376-78922008000400008
S0365-66912009001100005-3.txt	3.txt	0365-6691	2009-11-01	Archivos de la Sociedad Española de Oftalmología  v.84 n.11 2009	http://scielo.isciii.es/scielo.php?script=sci_arttext&pid=S0365-66912009001100005
S1889-836X2015000100003-1.txt	1.txt	1889-836X	2015-03-01	Revista de Osteoporosis y Metabolismo Mineral  v.7 n.1 2015	http://scielo.isciii.es/scielo.php?script=sci_arttext&pid=S1889-836X2015000100003
S0365-66912007000200011-1.txt	1.txt	0365-6691	2007-02-01	Archivos de la Sociedad Española de Oftalmología  v.82 n.2 2007	http://scielo.isciii.es/scielo.php?script=sci_arttext&pid=S0365-66912007000200011
S1130-01082007000400010-1.txt	1.txt	1130-0108	2007-04-01	Revista Española de Enfermedades Digestivas  v.99 n.4 2007	http://scielo.isciii.es/scielo.php?script=sci_arttext&pid=S1130-01082007000400010
S1130-05582009000400005-1.txt	1.txt	1130-0558	2009-08-01	Revista Española de Cirugía Oral y Maxilofacial  v.31 n.4 2009	http://scielo.isciii.es/scielo.php?script=sci_arttext&pid=S1130-05582009000400005
S0211-69952011000500011-1.txt	1.txt	0211-6995	2011-01-01	Nefrología (Madrid)  v.31 n.5 2011	http://scielo.isciii.es/scielo.php?script=sci_arttext&pid=S0211-69952011000500011
S0365-66912009001100006-1.txt	1.txt	0365-6691	2009-11-01	Archivos de la Sociedad Española de Oftalmología  v.84 n.11 2009	http://scielo.isciii.es/scielo.php?script=sci_arttext&pid=S0365-66912009001100006
S0365-66912006000100008-1.txt	1.txt	0365-6691	2006-01-01	Archivos de la Sociedad Española de Oftalmología  v.81 n.1 2006	http://scielo.isciii.es/scielo.php?script=sci_arttext&pid=S0365-66912006000100008
S0210-48062007000700017-1.txt	1.txt	0210-4806	2007-08-01	Actas Urológicas Españolas  v.31 n.7 2007	http://scielo.isciii.es/scielo.php?script=sci_arttext&pid=S0210-48062007000700017
S0212-16112007000800011-1.txt	1.txt	0212-1611	2007-12-01	Nutrición Hospitalaria  v.22 n.6 2007	http://scielo.isciii.es/scielo.php?script=sci_arttext&pid=S0212-16112007000800011
S1130-05582013000400005-1.txt	1.txt	1130-0558	2013-12-01	Revista Española de Cirugía Oral y Maxilofacial  v.35 n.4 2013	http://scielo.isciii.es/scielo.php?script=sci_arttext&pid=S1130-05582013000400005
S1137-66272006000300009-1.txt	1.txt	1137-6627	2006-08-01	Anales del Sistema Sanitario de Navarra  v.29 n.2 2006	http://scielo.isciii.es/scielo.php?script=sci_arttext&pid=S1137-66272006000300009
S1130-05582017000300150-3.txt	3.txt	1130-0558	2017-09-01	Revista Española de Cirugía Oral y Maxilofacial  v.39 n.3 2017	http://scielo.isciii.es/scielo.php?script=sci_arttext&pid=S1130-05582017000300150
S1699-695X2016000200009-1.txt	1.txt	1699-695X	2016-06-01	Revista Clínica de Medicina de Familia  v.9 n.2 2016	http://scielo.isciii.es/scielo.php?script=sci_arttext&pid=S1699-695X2016000200009
S1134-80462008000800003-1.txt	1.txt	1134-8046	2008-12-01	Revista de la Sociedad Española del Dolor  v.15 n.8 2008	http://scielo.isciii.es/scielo.php?script=sci_arttext&pid=S1134-80462008000800003
S0212-16112010000100017-1.txt	1.txt	0212-1611	2010-02-01	Nutrición Hospitalaria  v.25 n.1 2010	http://scielo.isciii.es/scielo.php?script=sci_arttext&pid=S0212-16112010000100017
S0365-66912006001200008-1.txt	1.txt	0365-6691	2006-12-01	Archivos de la Sociedad Española de Oftalmología  v.81 n.12 2006	http://scielo.isciii.es/scielo.php?script=sci_arttext&pid=S0365-66912006001200008
S0210-48062005000700010-1.txt	1.txt	0210-4806	2005-08-01	Actas Urológicas Españolas  v.29 n.7 2005	http://scielo.isciii.es/scielo.php?script=sci_arttext&pid=S0210-48062005000700010
